lat,lon,nome,rua,numero
-12.9947462,-38.4645914,BTQ 161,,
-13.0074269,-38.5283510,Boteco do Gavazza,,
-12.9913793,-38.4606574,Boteco do Caranguejo,,
-12.9730808,-38.4397534,Muá,Rua das patativas,
-13.0094004,-38.5307895,Camarote,,
-13.0112063,-38.4920380,Meia 68,,
-12.9933611,-38.4778089,Bom Demais,,
-12.8327001,-38.2646028,Zueira,,
-12.8316593,-38.2678644,Pé do Balcão,Avenida Tiradentes,
-12.8816731,-38.3062580,Porto Brasil Grelhados,,
-12.9821332,-38.5167710,O Líder,,
-12.8851510,-38.3086264,Na Carona,,
-12.9385027,-38.3282840,Cabana Tio Zé,,
-12.9867275,-38.5212205,Quintal,,
-12.9152834,-38.4446396,Bar abafadinho do Nal,,
-12.9627960,-38.5036328,Bar Bela Vista (Seu Domingos),Escadaria da Chácara Santo Antônio,portão 2-f
-13.0053952,-38.5265993,Guapo Mexican Bar,,
-13.0053179,-38.5267050,Oslo Gastrobar,,
-12.9838740,-38.5090735,Mocambinho,"Largo Dois de Julho, Dois de Julho",
-13.0049168,-38.5309026,Bento Boteco,,
-13.0048442,-38.5298600,Bar da Ana,,
-13.0083834,-38.5256662,Fábrica de Sucos,,
-13.0083910,-38.5257522,Sucos 24 horas,,
-13.0095034,-38.5305500,Habeas Copos,,
-12.9924082,-38.4455470,Bar do Jonas,Rua Professor Gérson Pinto,
-12.9942639,-38.4491967,Point do Coco,Rua Adelaide Fernandes da Costa,
-13.0115719,-38.4913576,Amnésia Pub,Rua João Gomes,63
-13.0057443,-38.5328109,Oxe Drinks,,
-12.7918402,-38.4027044,Bar de Roque,,
-13.0097177,-38.5308610,Boante ON,,
-13.0088194,-38.5299646,Bar e Prosa,,
-13.0030716,-38.4808605,Cesar Bar & Mine Mercado,,
-13.0036815,-38.5326732,Casa da Felicidade Barra,Avenida 7 de Setembro,3713
-12.9984527,-38.5252770,espitinho bar,,
-12.9990770,-38.4600529,Sr. Haxi,,
-13.0133032,-38.4881905,Cabral 500,Largo da Mariquita,10
-12.9337288,-38.4298433,Barraca do Geraldo de Oxossi,Rua Hugo Meijon,
-13.0070708,-38.5253940,Beach Stop,,
-13.0112941,-38.4910381,Jubiabar,Rua Conselheiro Pedro Luiz,279
-13.0114668,-38.4904665,thé green house,Rua Conselheiro Pedro Luiz,369
-12.8485916,-38.4678062,Bar Flor-do-Bairro,,
-13.0112518,-38.4924524,Point do japa,Rua da Paciência,116
-13.0139417,-38.4878267,Fronteira,,
-12.9730034,-38.4355547,Boteco do Caranguejo,,
-13.0107681,-38.4909418,América Pub e Petiscaria,,
-13.0107307,-38.4908313,GIN,,
-12.9933531,-38.4607431,Atoa Lounge,Rua das Hortênsias,624
-12.9646104,-38.5047199,Confraria do Vinil,,
-12.9910353,-38.4604246,Cau Botequim,,
-13.0133890,-38.4881507,O Meu Amado Boteco,Largo da Mariquita,10A
-13.0039963,-38.4567658,Ponte Aérea,Rua São Paulo,404
-12.9936062,-38.4554722,Zacca,,
-13.0132268,-38.4882307,Quatro Ventos,Largo da Mariquita,6
-13.0013498,-38.4565269,PA2,,
-13.0003510,-38.5284348,Bar do Chico,Rua Presidente Kennedy,
-12.9491955,-38.3615430,Pousada Betel,,
-12.9490448,-38.3621612,Cabana da Sonia,,
-12.9497584,-38.3619789,Garijú Bar,,
-12.9493872,-38.3608604,Bar e Barraca da Ana,,
-12.9533729,-38.3576853,Associação Brasil - Clube de Campo de Salvador,,
-12.9542119,-38.3571917,Juar Artes,,
-12.9513424,-38.3591715,Bar da Nega,,
-12.9508062,-38.3620214,Blue Space Club,,
-12.9247777,-38.3582262,Bar da Cristina,,
-12.9327092,-38.3603147,Boteco da Cervejaria,,
-12.9362949,-38.3637217,Bar do César,,
-12.9453086,-38.3636190,DJ Marcos Jacobina,,
-12.9385244,-38.3398717,Depósito de Bebidas Estrela do Mar,,
-12.9329854,-38.3397304,Bar de Cilda,,
-12.9341050,-38.3390554,Bar do Monstrão,,
-12.9355171,-38.3383797,Usina Music Bar,,
-12.9347281,-38.3335714,Bar da Liliu,,
-12.9336467,-38.3350020,Bar do Cardoso,,
-12.9437762,-38.3397539,Império das Bebidas,,
-12.9383539,-38.3340619,Le Petit Bar,,
-12.9241126,-38.3582015,Bar to Chegando,,
-12.9357088,-38.3598295,Garagem Batrákia,,
-12.9935669,-38.4529170,Aleatórios Bar,Rua Miguel Navarro y Cañizares,234
-13.0111727,-38.4924433,Tche Lounge Pub Bar,Rua da Paciência,116
-13.0112029,-38.4925222,Bar Santo Forte,Rua da Paciência,116
-12.9650332,-38.5049520,Oliveiras,Rua Direta de Santo Antônio,110
-13.0106533,-38.4909454,Bombar,Rua Canavieiras,24
-13.0114609,-38.4914806,Aqua Dura,,
-12.9285850,-38.4069106,Bar da Dadau,,
-13.0129893,-38.4872814,Área 51 StúdioBar,Rua Basílio de Magalhães,90
-13.0130533,-38.4872686,Arapuca,Rua Basílio de Magalhães,84
-13.0105273,-38.4733917,Bar Restaurante Grill na Brasa,Rua do Norte,
-12.9913706,-38.4597422,Pirambeira,Rua Guillard Muniz,629
-12.8396726,-38.4731220,Bahia House Marina,,
-12.9918012,-38.4592948,Astro,Rua das Angélicas,175
-12.9928866,-38.4554728,Quintal da Esquina,,
-13.0133812,-38.4898646,Casa bar,,
-13.0029686,-38.4578138,La Bottega,,
-12.9741294,-38.5085733,Poison Drinkeria Club,,
-13.0108540,-38.4946466,Bar da Paciência,,
-12.9924826,-38.4552632,Obá,Rua das Rosas,148
-12.9925690,-38.4552619,Marreco,Rua das Rosas,136
-13.0033267,-38.4516860,Espetto Baiano Prime,,
-12.9327653,-38.4758031,Bar do Moura,Rua Rezende de Jesus,
-13.0130670,-38.4905242,Casa Bohemia,,
-13.0106642,-38.5325306,Dendê Praia Club,,
-13.0020759,-38.4619168,Libertar Bier,Alameda Florença,77
-12.9216699,-38.5059104,Casa Beer,,
-12.9886739,-38.4710649,DiFoca,,
-12.9467780,-38.3700270,Água de Pote,,
-12.9904670,-38.4588287,Botecaria,,
-13.0013218,-38.4507879,Boteco do Caranguejo,,
-12.9808708,-38.5167494,Bar do Nõ,Rua Areal de Cima,200
-12.9828196,-38.5169649,Mocambinho Bar,Rua da Faísca,12
-12.9901654,-38.4576792,Seu Zelito Boteco dos Botecos,,
-12.9496980,-38.3710682,Boteco da Cari,Rua Sub Oficial Gildo Zanin Pistolato,19
-12.9615609,-38.4977141,Bar Guanabara,Rua Nossa Senhora de Lourdes,
-12.9916129,-38.4597620,Tatu Bola,,
-12.9981057,-38.4999920,Bar da Loura,,
-12.9990873,-38.4599877,Purgatório,,
-13.0032297,-38.4515852,Jurerê Bar,,
-12.9669106,-38.4051973,Petiscaê,,
-13.0120795,-38.5007016,Brisa do mar,,6a
-12.9136726,-38.4697018,Bar,,
-12.9821915,-38.4526837,Toca do Cobra,,
-12.9495836,-38.3624191,Rasta do Coco,Rua Olhos D'Água,3-47
-13.0116519,-38.4905595,ECO,Rua Conselheiro Pedro Luiz,348
-13.0108612,-38.4945056,Boteco do Paulista,Rua da Paciência,263
-12.9706043,-38.5083239,Bar da Pri,Rua do Passo,06
-12.9838605,-38.5176269,Bar Âncora do Marujo,Avenida Carlos Gomes,809
-12.9829079,-38.5167971,Brahma,,
-13.0083158,-38.5003149,Cantinho dans Aguas,,
-13.0083101,-38.5002768,O barzinho da maria,,
-13.0103612,-38.4957229,Terê gastrobar,,
-13.0128377,-38.4895748,Saideira beer,,
-12.9748490,-38.4911230,Bar Da Lu,,
-12.9863784,-38.5199242,O colon,,
-13.0090969,-38.4868928,Bar Red river,,
